date,ridership
2021-06-01,2270076
2021-06-02,2354755
2021-06-03,2244535
2021-06-04,2316851
2021-06-05,1785164
2021-06-06,1358931
2021-06-07,2230964
2021-06-08,2276249
2021-06-09,2396123
2021-06-10,2482678
2021-06-11,2474058
2021-06-12,1767456
2021-06-13,1374857
2021-06-14,2231093
2021-06-15,2478320
2021-06-16,2527109
2021-06-17,2559895
2021-06-18,2572657
2021-06-19,1775547
2021-06-20,1383305
2021-06-21,2272339
2021-06-22,2364933
2021-06-23,2556545
2021-06-24,2561618
2021-06-25,2586717
2021-06-26,1844289
2021-06-27,1551427
2021-06-28,2259622
2021-06-29,2353330
2021-06-30,2355961
2021-07-01,2303115
2021-07-02,2304436
2021-07-03,1537160
2021-07-04,1462008
2021-07-05,1501862
2021-07-06,2312217
2021-07-07,2446272
2021-07-08,2374164
2021-07-09,2324903
2021-07-10,1773183
2021-07-11,1359939
2021-07-12,2252712
2021-07-13,2463622
2021-07-14,2525259
2021-07-15,2587594
2021-07-16,2539883
2021-07-17,1709115
2021-07-18,1398455
2021-07-19,2333470
2021-07-20,2468688
2021-07-21,2511085
2021-07-22,2588545
2021-07-23,2555736
2021-07-24,1842644
2021-07-25,1359018
2021-07-26,2324274
2021-07-27,2495580
2021-07-28,2542027
2021-07-29,2437563
2021-07-30,2562140
2021-07-31,1832180
2021-08-01,1346083
2021-08-02,2340633
2021-08-03,2492425
2021-08-04,2536925
2021-08-05,2536575
2021-08-06,2523378
2021-08-07,1771014
2021-08-08,1328887
2021-08-09,2295799
2021-08-10,2450053
2021-08-11,2483087
2021-08-12,2455790
2021-08-13,2434510
2021-08-14,1709769
2021-08-15,1423856
2021-08-16,2293362
2021-08-17,2434548
2021-08-18,2453589
2021-08-19,2447093
2021-08-20,2460175
2021-08-21,1707241
2021-08-22,748331
2021-08-23,2059713
2021-08-24,2468850
2021-08-25,2504168
2021-08-26,2486345
2021-08-27,2392245
2021-08-28,1652867
2021-08-29,1392327
2021-08-30,2325858
2021-08-31,2538734
2021-09-01,2304116
2021-09-02,1668429
2021-09-03,2393426
2021-09-04,1767746
2021-09-05,1407692
2021-09-06,1523848
2021-09-07,2406319
2021-09-08,2536291
2021-09-09,2706871
2021-09-10,2902653
2021-09-11,1971758
2021-09-12,1580075
2021-09-13,2852954
2021-09-14,3012874
2021-09-15,2990419
2021-09-16,2541321
2021-09-17,3027459
2021-09-18,2002184
2021-09-19,1586635
2021-09-20,2884374
2021-09-21,3021008
2021-09-22,3024000
2021-09-23,3018405
2021-09-24,3119549
2021-09-25,2114862
2021-09-26,1604342
2021-09-27,2874501
2021-09-28,2931889
2021-09-29,3066718
2021-09-30,3148827
2021-10-01,3161417
2021-10-02,2054871
2021-10-03,1570290
2021-10-04,2874095
2021-10-05,3102386
2021-10-06,3153175
2021-10-07,3202036
2021-10-08,3175833
2021-10-09,2043689
2021-10-10,1494247
2021-10-11,2276219
2021-10-12,3113971
2021-10-13,3169049
2021-10-14,3251428
2021-10-15,3233748
2021-10-16,2033138
2021-10-17,1623123
2021-10-18,2993039
2021-10-19,3190313
2021-10-20,3246108
2021-10-21,3278407
2021-10-22,3234281
2021-10-23,2068422
2021-10-24,1593209
2021-10-25,3004769
2021-10-26,2715826
2021-10-27,3312009
2021-10-28,3378257
2021-10-29,3259259
2021-10-30,2035441
2021-10-31,1738400
2021-11-01,3043060
2021-11-02,2863617
2021-11-03,3308656
2021-11-04,3297899
2021-11-05,3303843
2021-11-06,2186464
2021-11-07,1880892
2021-11-08,3076998
2021-11-09,3292915
2021-11-10,3362356
2021-11-11,2927072
2021-11-12,3167561
2021-11-13,2160784
2021-11-14,1695934
2021-11-15,3121870
2021-11-16,3352695
2021-11-17,3381602
2021-11-18,3425208
2021-11-19,3348280
2021-11-20,2126139
2021-11-21,1666640
2021-11-22,3130091
2021-11-23,3285613
2021-11-24,3086632
2021-11-25,1359309
2021-11-26,2087866
2021-11-27,1872226
2021-11-28,1460668
2021-11-29,2996848
2021-11-30,3208841
2021-12-01,3328389
2021-12-02,3359566
2021-12-03,3372085
2021-12-04,2304634
2021-12-05,1728448
2021-12-06,3135429
2021-12-07,3369572
2021-12-08,3382269
2021-12-09,3435471
2021-12-10,3416701
2021-12-11,2253570
2021-12-12,1819672
2021-12-13,3123807
2021-12-14,3278476
2021-12-15,3246725
2021-12-16,3223954
2021-12-17,3114674
2021-12-18,1873397
2021-12-19,1573469
2021-12-20,2719510
2021-12-21,2702503
2021-12-22,2640370
2021-12-23,2490928
2021-12-24,1578238
2021-12-25,811798
2021-12-26,1280209
2021-12-27,2011290
2021-12-28,2172386
2021-12-29,2170881
2021-12-30,2200578
2021-12-31,1628961
2022-01-01,1025843
2022-01-02,1214989
2022-01-03,2171114
2022-01-04,2293597
2022-01-05,2272835
2022-01-06,2396301
2022-01-07,2129481
2022-01-08,1482768
2022-01-09,1102350
2022-01-10,2351919
2022-01-11,2273582
2022-01-12,2465229
2022-01-13,2529783
2022-01-14,2526410
2022-01-15,1432271
2022-01-16,1165138
2022-01-17,1605369
2022-01-18,2549625
2022-01-19,2650811
2022-01-20,2554042
2022-01-21,2571091
2022-01-22,1581371
2022-01-23,1245146
2022-01-24,2541423
2022-01-25,2709989
2022-01-26,2718664
2022-01-27,2731395
2022-01-28,2709206
2022-01-29,1003958
2022-01-30,1261853
2022-01-31,2580650
2022-02-01,2644618
2022-02-02,2950117
2022-02-03,2920242
2022-02-04,2730398
2022-02-05,1787490
2022-02-06,1322567
2022-02-07,2787655
2022-02-08,3022494
2022-02-09,3093968
2022-02-10,3117591
2022-02-11,3017511
2022-02-12,2019078
2022-02-13,1348243
2022-02-14,2910970
2022-02-15,3037191
2022-02-16,3108301
2022-02-17,3116836
2022-02-18,2971110
2022-02-19,1790461
2022-02-20,1475763
2022-02-21,1950633
2022-02-22,2688622
2022-02-23,2707518
2022-02-24,2875798
2022-02-25,2591493
2022-02-26,1822660
2022-02-27,1403278
2022-02-28,2931716
2022-03-01,3155873
2022-03-02,3226926
2022-03-03,3225391
2022-03-04,3093488
2022-03-05,1954782
2022-03-06,1447991
2022-03-07,2997720
2022-03-08,3266806
2022-03-09,3130950
2022-03-10,3355384
2022-03-11,3210807
2022-03-12,1663328
2022-03-13,1478205
2022-03-14,3024094
2022-03-15,3293848
2022-03-16,3350001
2022-03-17,3193614
2022-03-18,3289120
2022-03-19,1998260
2022-03-20,1654242
2022-03-21,3050262
2022-03-22,3294049
2022-03-23,3293170
2022-03-24,3233537
2022-03-25,3238314
2022-03-26,2020997
2022-03-27,1532636
2022-03-28,3008957
2022-03-29,3311845
2022-03-30,3360149
2022-03-31,3347987
2022-04-01,3260108
2022-04-02,2126713
2022-04-03,1465662
2022-04-04,3149577
2022-04-05,3380276
2022-04-06,3334509
2022-04-07,3329631
2022-04-08,3368725
2022-04-09,2187830
2022-04-10,1705609
2022-04-11,3226113
2022-04-12,3103824
2022-04-13,3246114
2022-04-14,3320927
2022-04-15,2783098
2022-04-16,1985502
2022-04-17,1512222
2022-04-18,2697482
2022-04-19,2985522
2022-04-20,3120825
2022-04-21,3055987
2022-04-22,3001103
2022-04-23,2103744
2022-04-24,1653436
2022-04-25,3042411
2022-04-26,3299373
2022-04-27,3449608
2022-04-28,3421374
2022-04-29,3272470
2022-04-30,2103375
2022-05-01,1681325
2022-05-02,2749625
2022-05-03,3421580
2022-05-04,3383028
2022-05-05,3519377
2022-05-06,3206426
2022-05-07,1840754
2022-05-08,1580072
2022-05-09,3130181
2022-05-10,3429847
2022-05-11,3457808
2022-05-12,3447699
2022-05-13,3266900
2022-05-14,2143462
2022-05-15,1756181
2022-05-16,3094471
2022-05-17,3551756
2022-05-18,3621108
2022-05-19,3488919
2022-05-20,3339201
2022-05-21,2358431
2022-05-22,1756846
2022-05-23,3127922
2022-05-24,3396455
2022-05-25,3444312
2022-05-26,3359070
2022-05-27,3046842
2022-05-28,1869868
2022-05-29,1746753
2022-05-30,1705002
2022-05-31,3195407
2022-06-01,3402044
2022-06-02,3372087
2022-06-03,3301150
2022-06-04,2173474
2022-06-05,1718391
2022-06-06,3109894
2022-06-07,3412681
2022-06-08,3512720
2022-06-09,3317136
2022-06-10,3394020
2022-06-11,2226511
2022-06-12,1669735
2022-06-13,3185392
2022-06-14,3512909
2022-06-15,3545324
2022-06-16,3428484
2022-06-17,3263952
2022-06-18,2181363
2022-06-19,1718030
2022-06-20,2474051
2022-06-21,3359078
2022-06-22,3376880
2022-06-23,3426489
2022-06-24,3312576
2022-06-25,2280769
2022-06-26,2002551
2022-06-27,2953290
2022-06-28,3269604
2022-06-29,3269362
2022-06-30,3171305
2022-07-01,2845514
2022-07-02,1845274
2022-07-03,1647807
2022-07-04,1618808
2022-07-05,2823038
2022-07-06,3087482
2022-07-07,3136154
2022-07-08,2920977
2022-07-09,2057224
2022-07-10,1674668
2022-07-11,2895835
2022-07-12,3174223
2022-07-13,3261722
2022-07-14,3237623
2022-07-15,3037382
2022-07-16,2086729
2022-07-17,1666044
2022-07-18,2736634
2022-07-19,3186435
2022-07-20,3208076
2022-07-21,3125942
2022-07-22,2958371
2022-07-23,2023824
2022-07-24,1589864
2022-07-25,2745099
2022-07-26,3192722
2022-07-27,3249960
2022-07-28,3169131
2022-07-29,2947508
2022-07-30,2068990
2022-07-31,1642102
2022-08-01,2773922
2022-08-02,3129686
2022-08-03,3202662
2022-08-04,3136384
2022-08-05,2862834
2022-08-06,2044404
2022-08-07,1573552
2022-08-08,2794846
2022-08-09,3031683
2022-08-10,3152615
2022-08-11,3111039
2022-08-12,2978968
2022-08-13,2082577
2022-08-14,1670137
2022-08-15,2785273
2022-08-16,3065095
2022-08-17,3093509
2022-08-18,3096614
2022-08-19,2934202
2022-08-20,2032700
2022-08-21,1612108
2022-08-22,2640436
2022-08-23,3010202
2022-08-24,2999699
2022-08-25,3107279
2022-08-26,2877889
2022-08-27,2060009
2022-08-28,1643866
2022-08-29,2851896
2022-08-30,3109449
2022-08-31,3161645
2022-09-01,3133970
2022-09-02,2939950
2022-09-03,2110597
2022-09-04,1791692
2022-09-05,1701617
2022-09-06,3080367
2022-09-07,3460997
2022-09-08,3658469
2022-09-09,3494407
2022-09-10,2346912
2022-09-11,1728832
2022-09-12,3395807
2022-09-13,3633150
2022-09-14,3757991
2022-09-15,3764015
2022-09-16,3516437
2022-09-17,2343088
2022-09-18,1835499
2022-09-19,3383549
2022-09-20,3781886
2022-09-21,3893856
2022-09-22,3747923
2022-09-23,3644475
2022-09-24,2384973
2022-09-25,1753875
2022-09-26,2829789
2022-09-27,3222914
2022-09-28,3733272
2022-09-29,3728472
2022-09-30,3521906
2022-10-01,2033564
2022-10-02,1621937
2022-10-03,3388817
2022-10-04,3419472
2022-10-05,3101395
2022-10-06,3869541
2022-10-07,3609541
2022-10-08,2393348
2022-10-09,1914735
2022-10-10,2578165
2022-10-11,3671420
2022-10-12,3797914
2022-10-13,3704479
2022-10-14,3598674
2022-10-15,2359536
2022-10-16,1771603
2022-10-17,3334090
2022-10-18,3715564
2022-10-19,3838158
2022-10-20,3831188
2022-10-21,3590676
2022-10-22,2425854
2022-10-23,1739184
2022-10-24,3375416
2022-10-25,3733475
2022-10-26,3815734
2022-10-27,3913833
2022-10-28,3642946
2022-10-29,2437163
2022-10-30,1873259
2022-10-31,3428686
2022-11-01,3729272
2022-11-02,3810965
2022-11-03,3823539
2022-11-04,3605248
2022-11-05,2446817
2022-11-06,2111949
2022-11-07,3475726
2022-11-08,3452695
2022-11-09,3793943
2022-11-10,3822676
2022-11-11,3008719
2022-11-12,2430176
2022-11-13,1793945
2022-11-14,3419690
2022-11-15,3735593
2022-11-16,3772898
2022-11-17,3818895
2022-11-18,3558646
2022-11-19,2321483
2022-11-20,1721398
2022-11-21,3381146
2022-11-22,3569236
2022-11-23,3286065
2022-11-24,1466222
2022-11-25,2184329
2022-11-26,2000452
2022-11-27,1477930
2022-11-28,3284317
2022-11-29,3618226
2022-11-30,3588358
2022-12-01,3791230
2022-12-02,3619916
2022-12-03,2289906
2022-12-04,1986976
2022-12-05,3500533
2022-12-06,3773761
2022-12-07,3855916
2022-12-08,3951241
2022-12-09,3727495
2022-12-10,2656582
2022-12-11,1862616
2022-12-12,3485630
2022-12-13,3782690
2022-12-14,3797188
2022-12-15,3745887
2022-12-16,3431087
2022-12-17,2597993
2022-12-18,1964631
2022-12-19,3400992
2022-12-20,3611195
2022-12-21,3586943
2022-12-22,3210390
2022-12-23,2759107
2022-12-24,1413843
2022-12-25,1009614
2022-12-26,1823854
2022-12-27,2750379
2022-12-28,2967072
2022-12-29,3058448
2022-12-30,3080122
2022-12-31,1928765
2023-01-01,1672533
2023-01-02,1950992
2023-01-03,3198232
2023-01-04,3435701
2023-01-05,3450375
2023-01-06,3249893
2023-01-07,2116599
2023-01-08,1611397
2023-01-09,3166634
2023-01-10,3491192
2023-01-11,3531345
2023-01-12,3493675
2023-01-13,3290316
2023-01-14,2073174
2023-01-15,1704770
2023-01-16,2185643
2023-01-17,3472614
2023-01-18,3626400
2023-01-19,3514762
2023-01-20,3395963
2023-01-21,2137464
2023-01-22,1594507
2023-01-23,3156353
2023-01-24,3589330
2023-01-25,3533320
2023-01-26,3654738
2023-01-27,3358935
2023-01-28,2250719
2023-01-29,1625916
2023-01-30,3245585
2023-01-31,3681155
2023-02-01,3711741
2023-02-02,3726671
2023-02-03,3212631
2023-02-04,1748027
2023-02-05,1630685
2023-02-06,3396553
2023-02-07,3763686
2023-02-08,3806641
2023-02-09,3779570
2023-02-10,3562859
2023-02-11,2336147
2023-02-12,1749802
2023-02-13,3326491
2023-02-14,3837510
2023-02-15,3788771
2023-02-16,3709909
2023-02-17,3361347
2023-02-18,2274949
2023-02-19,1827314
2023-02-20,2253680
2023-02-21,3351402
2023-02-22,3480402
2023-02-23,3522923
2023-02-24,3266745
2023-02-25,2045242
2023-02-26,1628686
2023-02-27,3366206
2023-02-28,3443448
2023-03-01,3818056
2023-03-02,3799376
2023-03-03,3512747
2023-03-04,2180652
2023-03-05,1779001
2023-03-06,3449768
2023-03-07,3797841
2023-03-08,3868881
2023-03-09,3853363
2023-03-10,3525671
2023-03-11,2232992
2023-03-12,1776991
2023-03-13,3375727
2023-03-14,3598628
2023-03-15,3935588
2023-03-16,3972726
2023-03-17,3683747
2023-03-18,2417778
2023-03-19,1895730
2023-03-20,3464475
2023-03-21,3823407
2023-03-22,3819746
2023-03-23,3796507
2023-03-24,3571284
2023-03-25,2168533
2023-03-26,1953613
2023-03-27,3436349
2023-03-28,3809585
2023-03-29,3894407
2023-03-30,3884103
2023-03-31,3594746
2023-04-01,2285336
2023-04-02,1949397
2023-04-03,3618658
2023-04-04,3928950
2023-04-05,3822240
2023-04-06,3444625
2023-04-07,3151137
2023-04-08,2392459
2023-04-09,1855199
2023-04-10,3163553
2023-04-11,3558945
2023-04-12,3598070
2023-04-13,3650335
2023-04-14,3490280
2023-04-15,2365398
2023-04-16,1865683
2023-04-17,3439742
2023-04-18,3884068
2023-04-19,3949913
2023-04-20,4023740
2023-04-21,3511666
2023-04-22,2504480
2023-04-23,1922367
2023-04-24,3582675
2023-04-25,3978139
2023-04-26,4015990
2023-04-27,4021211
2023-04-28,3722906
2023-04-29,2180842
2023-04-30,1745785
2023-05-01,3686271
2023-05-02,3985402
2023-05-03,4054072
2023-05-04,4007833
2023-05-05,3780598
2023-05-06,2560137
2023-05-07,2033314
2023-05-08,3586107
2023-05-09,3949219
2023-05-10,4037564
2023-05-11,4039562
2023-05-12,3744934
2023-05-13,2485796
2023-05-14,1926324
2023-05-15,3574665
2023-05-16,4024420
2023-05-17,4129325
2023-05-18,4103962
2023-05-19,3810480
2023-05-20,2313338
2023-05-21,2130736
2023-05-22,3593448
2023-05-23,3952007
2023-05-24,3983758
2023-05-25,3884846
2023-05-26,3518884
2023-05-27,2374713
2023-05-28,2027675
2023-05-29,1965445
2023-05-30,3738109
2023-05-31,3935477
2023-06-01,3917972
2023-06-02,3648875
2023-06-03,2411437
2023-06-04,1988339
2023-06-05,3566673
2023-06-06,3954945
2023-06-07,3768910
2023-06-08,3294834
2023-06-09,3448883
2023-06-10,2607163
2023-06-11,2076219
2023-06-12,3501743
2023-06-13,3991783
2023-06-14,3917750
2023-06-15,3953138
2023-06-16,3432671
2023-06-17,2502439
2023-06-18,1977919
2023-06-19,2653735
2023-06-20,3807902
2023-06-21,3928141
2023-06-22,3812487
2023-06-23,3494715
2023-06-24,2468343
2023-06-25,2223190
2023-06-26,3366227
2023-06-27,3770757
2023-06-28,3663810
2023-06-29,3681456
2023-06-30,3287339
2023-07-01,2244134
2023-07-02,1791278
2023-07-03,2688388
2023-07-04,1812388
2023-07-05,3347735
2023-07-06,3524390
2023-07-07,3319357
2023-07-08,2311667
2023-07-09,1780860
2023-07-10,3244624
2023-07-11,3674673
2023-07-12,3724973
2023-07-13,3676190
2023-07-14,3277391
2023-07-15,2328584
2023-07-16,1606818
2023-07-17,3310574
2023-07-18,3614195
2023-07-19,3708997
2023-07-20,3739611
2023-07-21,3360951
2023-07-22,2462219
2023-07-23,1987514
2023-07-24,3281501
2023-07-25,3659451
2023-07-26,3786879
2023-07-27,3607122
2023-07-28,3291877
2023-07-29,2253883
2023-07-30,1955738
2023-07-31,3233511
2023-08-01,3628556
2023-08-02,3671188
2023-08-03,3638148
2023-08-04,3255278
2023-08-05,2366979
2023-08-06,1914728
2023-08-07,3068520
2023-08-08,3539955
2023-08-09,3643057
2023-08-10,3458382
2023-08-11,3338816
2023-08-12,2369119
2023-08-13,1957367
2023-08-14,3120056
2023-08-15,3415434
2023-08-16,3477798
2023-08-17,3415331
2023-08-18,3209904
2023-08-19,2361938
2023-08-20,1874859
2023-08-21,2998089
2023-08-22,3382719
2023-08-23,3442910
2023-08-24,3327037
2023-08-25,3061203
2023-08-26,2284577
2023-08-27,1912744
2023-08-28,3149199
2023-08-29,3430972
2023-08-30,3492148
2023-08-31,3480677
2023-09-01,3223593
2023-09-02,2310356
2023-09-03,2014871
2023-09-04,1898191
2023-09-05,3513163
2023-09-06,3739572
2023-09-07,3893853
2023-09-08,3633460
2023-09-09,2427477
2023-09-10,1839509
2023-09-11,3620675
2023-09-12,4041211
2023-09-13,3966241
2023-09-14,4072967
2023-09-15,3721600
2023-09-16,2448442
2023-09-17,1991363
2023-09-18,3565353
2023-09-19,4168266
2023-09-20,4208703
2023-09-21,4166981
2023-09-22,3874139
2023-09-23,2128807
2023-09-24,1712908
2023-09-25,2919452
2023-09-26,3988015
2023-09-27,4115940
2023-09-28,4090106
2023-09-29,2501025
2023-09-30,2220104
2023-10-01,2007945
2023-10-02,3684748
2023-10-03,4045513
2023-10-04,4066991
2023-10-05,4070560
2023-10-06,3674791
2023-10-07,2227166
2023-10-08,2059993
2023-10-09,2870111
2023-10-10,3992788
2023-10-11,4094994
2023-10-12,4143083
2023-10-13,3597930
2023-10-14,2234256
2023-10-15,2025654
2023-10-16,3695697
2023-10-17,4059548
2023-10-18,4113883
2023-10-19,4159792
2023-10-20,3650826
2023-10-21,2450998
2023-10-22,1995546
2023-10-23,3702334
2023-10-24,4078827
2023-10-25,4159181
2023-10-26,4179935
2023-10-27,3888007
2023-10-28,2755113
2023-10-29,1847220
2023-10-30,3675535
2023-10-31,4053797
2023-11-01,4081086
2023-11-02,4120500
2023-11-03,3842636
2023-11-04,2599876
2023-11-05,2321730
2023-11-06,3721330
2023-11-07,3692070
2023-11-08,4104448
2023-11-09,4057788
2023-11-10,3641480
2023-11-11,2603066
2023-11-12,1961508
2023-11-13,3632104
2023-11-14,4031307
2023-11-15,4077420
2023-11-16,4089801
2023-11-17,3779989
2023-11-18,2494622
2023-11-19,1958874
2023-11-20,3683913
2023-11-21,3815209
2023-11-22,3417661
2023-11-23,1651171
2023-11-24,2483004
2023-11-25,2140869
2023-11-26,1702208
2023-11-27,3560155
2023-11-28,3955482
2023-11-29,4071340
2023-11-30,4110590
2023-12-01,3779666
2023-12-02,2778914
2023-12-03,1857735
2023-12-04,3760132
2023-12-05,4125078
2023-12-06,4166541
2023-12-07,4137558
2023-12-08,3918606
2023-12-09,2935356
2023-12-10,1872255
2023-12-11,3677402
2023-12-12,4089215
2023-12-13,4105305
2023-12-14,4160104
2023-12-15,3881737
2023-12-16,2879128
2023-12-17,1968476
2023-12-18,3350326
2023-12-19,3951769
2023-12-20,3877051
2023-12-21,3714889
2023-12-22,3406885
2023-12-23,2260156
2023-12-24,1671136
2023-12-25,1291710
2023-12-26,2703641
2023-12-27,2950010
2023-12-28,3101033
2023-12-29,3231845
2023-12-30,2453953
2023-12-31,1947375
2024-01-01,1659544
2024-01-02,3316379
2024-01-03,3583664
2024-01-04,3591081
2024-01-05,3289890
2024-01-06,1951227
2024-01-07,1481422
2024-01-08,3331387
2024-01-09,3383052
2024-01-10,3588994
2024-01-11,3719634
2024-01-12,3393821
2024-01-13,2173350
2024-01-14,1748994
2024-01-15,2190781
2024-01-16,3267978
2024-01-17,3646881
2024-01-18,3693891
2024-01-19,3207360
2024-01-20,2030168
2024-01-21,1582409
2024-01-22,3332116
2024-01-23,3682279
2024-01-24,3696973
2024-01-25,3720686
2024-01-26,3420572
2024-01-27,2299913
2024-01-28,1566475
2024-01-29,3334876
2024-01-30,3758674
2024-01-31,3850436
2024-02-01,3857394
2024-02-02,3496731
2024-02-03,2339725
2024-02-04,1757743
2024-02-05,3519542
2024-02-06,3897442
2024-02-07,3941179
2024-02-08,3944140
2024-02-09,3585829
2024-02-10,2402626
2024-02-11,1793232
2024-02-12,3412622
2024-02-13,2316275
2024-02-14,4003306
2024-02-15,3917186
2024-02-16,3542139
2024-02-17,2195864
2024-02-18,1865158
2024-02-19,2268878
2024-02-20,3532985
2024-02-21,3633929
2024-02-22,3630416
2024-02-23,3259316
2024-02-24,2327071
2024-02-25,1758042
2024-02-26,3478943
2024-02-27,3846625
2024-02-28,3828203
2024-02-29,3949068
2024-03-01,3614601
2024-03-02,2113591
2024-03-03,1979705
2024-03-04,3581567
2024-03-05,3864744
2024-03-06,3912040
2024-03-07,3940154
2024-03-08,3728821
2024-03-09,2230731
2024-03-10,1823270
2024-03-11,3540111
2024-03-12,4035231
2024-03-13,4072733
2024-03-14,4095271
2024-03-15,3687424
2024-03-16,2575919
2024-03-17,1992273
2024-03-18,3526878
2024-03-19,3915654
2024-03-20,3933863
2024-03-21,3909662
2024-03-22,3624078
2024-03-23,1883833
2024-03-24,1931070
2024-03-25,3624515
2024-03-26,4014552
2024-03-27,4059595
2024-03-28,3955268
2024-03-29,3414738
2024-03-30,2543299
2024-03-31,1952730
2024-04-01,3364103
2024-04-02,3953528
2024-04-03,3934068
2024-04-04,4153054
2024-04-05,3841181
2024-04-06,2494431
2024-04-07,1916763
2024-04-08,3419017
2024-04-09,3929457
2024-04-10,3712133
2024-04-11,3923179
2024-04-12,3599484
2024-04-13,2520672
2024-04-14,2084498
2024-04-15,3745425
2024-04-16,4078141
2024-04-17,4064732
2024-04-18,4008299
2024-04-19,3741690
2024-04-20,2550561
2024-04-21,1932355
2024-04-22,3253658
2024-04-23,3559915
2024-04-24,3648464
2024-04-25,3764081
2024-04-26,3467363
2024-04-27,2519797
2024-04-28,2097936
2024-04-29,3362819
2024-04-30,3679831
2024-05-01,4074399
2024-05-02,4103142
2024-05-03,3819039
2024-05-04,2577549
2024-05-05,1904644
2024-05-06,3691620
2024-05-07,4141310
2024-05-08,4131173
2024-05-09,4129808
2024-05-10,3716163
2024-05-11,2662619
2024-05-12,1873801
2024-05-13,3741960
2024-05-14,4158472
2024-05-15,4156397
2024-05-16,4147230
2024-05-17,3856132
2024-05-18,2705156
2024-05-19,2137154
2024-05-20,3722395
2024-05-21,4072274
2024-05-22,4146930
2024-05-23,3905737
2024-05-24,3622046
2024-05-25,2362278
2024-05-26,2033339
2024-05-27,1692173
2024-05-28,3866871
2024-05-29,4048378
2024-05-30,4021835
2024-05-31,3727428
2024-06-01,2462773
2024-06-02,1995053
2024-06-03,3652194
2024-06-04,4023176
2024-06-05,4094840
2024-06-06,3815747
2024-06-07,3791075
2024-06-08,2687830
2024-06-09,2108737
2024-06-10,3149557
2024-06-11,3994118
2024-06-12,3931300
2024-06-13,3977192
2024-06-14,3555058
2024-06-15,2446756
2024-06-16,1911278
2024-06-17,3363247
2024-06-18,3960731
2024-06-19,3078451
2024-06-20,3898859
2024-06-21,3536802
2024-06-22,2400209
2024-06-23,1924464
2024-06-24,3507344
2024-06-25,3873045
2024-06-26,3943243
2024-06-27,3818183
2024-06-28,3560550
2024-06-29,2469925
2024-06-30,2018216
2024-07-01,3314108
2024-07-02,3586293
2024-07-03,3453451
2024-07-04,2018225
2024-07-05,2735554
2024-07-06,2116673
2024-07-07,1820721
2024-07-08,3267889
2024-07-09,3646292
2024-07-10,3733496
2024-07-11,3728652
2024-07-12,3298862
2024-07-13,2219784
2024-07-14,1885524
2024-07-15,3300843
2024-07-16,3638770
2024-07-17,3695910
2024-07-18,3690038
2024-07-19,3364280
2024-07-20,2321784
2024-07-21,1900116
2024-07-22,3277832
2024-07-23,3654145
2024-07-24,3706467
2024-07-25,3691087
2024-07-26,3350570
2024-07-27,2342871
2024-07-28,1867703
2024-07-29,3241001
2024-07-30,3644818
2024-07-31,3633634
2024-08-01,3589104
2024-08-02,3206418
2024-08-03,2223761
2024-08-04,1776509
2024-08-05,3289679
2024-08-06,3517931
2024-08-07,3563724
2024-08-08,3535080
2024-08-09,3095540
2024-08-10,2380441
2024-08-11,1935034
2024-08-12,3209349
2024-08-13,3534194
2024-08-14,3591596
2024-08-15,3538841
2024-08-16,3236525
2024-08-17,2271803
2024-08-18,1729421
2024-08-19,3117379
2024-08-20,3521140
2024-08-21,3547319
2024-08-22,3482214
2024-08-23,3269605
2024-08-24,2376015
2024-08-25,1923663
2024-08-26,3157343
2024-08-27,3529133
2024-08-28,3576943
2024-08-29,3532006
2024-08-30,3268407
2024-08-31,2336758
2024-09-01,1984482
2024-09-02,2034187
2024-09-03,3671658
2024-09-04,3911321
2024-09-05,4074329
2024-09-06,3832386
2024-09-07,2494720
2024-09-08,2114775
2024-09-09,3849856
2024-09-10,4224235
2024-09-11,4256262
2024-09-12,4273962
2024-09-13,3948526
2024-09-14,2719077
2024-09-15,2175341
2024-09-16,3859561
2024-09-17,4230478
2024-09-18,4274302
2024-09-19,4296085
2024-09-20,3970222
2024-09-21,2758006
2024-09-22,2147216
2024-09-23,3938490
2024-09-24,4366301
2024-09-25,4378207
2024-09-26,4337385
2024-09-27,3981492
2024-09-28,2572321
2024-09-29,1974746
2024-09-30,3887460
2024-10-01,4230277
2024-10-02,4117029
2024-10-03,3673168
2024-10-04,3545581
2024-10-05,2729591
2024-10-06,2083483
2024-10-07,3890342
2024-10-08,4305496
2024-10-09,4360742
2024-10-10,4376349
2024-10-11,3908584
2024-10-12,2605384
2024-10-13,2169275
2024-10-14,3104979
2024-10-15,4331498
2024-10-16,4404605
2024-10-17,4355456
2024-10-18,4070988
2024-10-19,2833866
2024-10-20,2222126
2024-10-21,3912003
2024-10-22,4303405
2024-10-23,4337395
2024-10-24,4358823
2024-10-25,4061366
2024-10-26,2851259
2024-10-27,2230225
2024-10-28,4027035
2024-10-29,4428821
2024-10-30,4481837
2024-10-31,4405569
2024-11-01,3824861
2024-11-02,2836113
2024-11-03,2620841
2024-11-04,3993231
2024-11-05,3685782
2024-11-06,4159945
2024-11-07,4279903
2024-11-08,4015021
2024-11-09,2791667
2024-11-10,2135916
2024-11-11,3311986
2024-11-12,4309876
2024-11-13,4378105
2024-11-14,4342593
2024-11-15,4028563
2024-11-16,2809679
2024-11-17,2121325
2024-11-18,3944168
2024-11-19,4323971
2024-11-20,4345200
2024-11-21,4262637
2024-11-22,3896180
2024-11-23,2739607
2024-11-24,2116852
2024-11-25,3956498
2024-11-26,4074568
2024-11-27,3752949
2024-11-28,1536624
2024-11-29,2705002
2024-11-30,2338969
2024-12-01,1913752
2024-12-02,3857696
2024-12-03,4287380
2024-12-04,4420509
2024-12-05,4399021
2024-12-06,4160316
2024-12-07,3033738
2024-12-08,2364812
2024-12-09,3983111
2024-12-10,4419353
2024-12-11,4299728
2024-12-12,4570716
2024-12-13,4217212
2024-12-14,3137443
2024-12-15,2351213
2024-12-16,3905041
2024-12-17,4380154
2024-12-18,4335843
2024-12-19,4299771
2024-12-20,3881686
2024-12-21,2661852
2024-12-22,2076532
2024-12-23,3256442
2024-12-24,2584860
2024-12-25,1398868
2024-12-26,2890216
2024-12-27,3198149
2024-12-28,2287572
2024-12-29,2138839
2024-12-30,3355638
2024-12-31,2914084
